order_no,user_id,status,amount
SJO202406041542000004150827571,668,0,823
SJO202406041542000004150827572,8328,0,65
SJO202406041542000004150827573,290,0,747
SJO202406041542000004150827574,4141,0,676
SJO202406041542000004150827575,9361,0,906
SJO202406041542000004150827576,9356,0,900
SJO202406041542000004150827577,7486,0,426
SJO202406041542000004150827578,4795,0,747
SJO202406041542000004150827579,911,0,789
SJO202406041542000004150827580,2364,0,667
SJO202406041542000004150827581,3115,0,960
SJO202406041542000004150827582,581,0,492
SJO202406041542000004150827583,3252,0,969
SJO202406041542000004150827584,9209,0,175
SJO202406041542000004150827585,5544,0,779
SJO202406041542000004150827586,6400,0,497
SJO202406041542000004150827587,4925,0,655
SJO202406041542000004150827588,4051,0,367
SJO202406041542000004150827589,9016,0,797
SJO202406041542000004150827590,19,0,249
SJO202406041542000004150827591,8829,0,903
SJO202406041542000004150827592,1393,0,524
SJO202406041542000004150827593,5415,0,800
SJO202406041542000004150827594,7708,0,610
SJO202406041542000004150827595,9401,0,613
SJO202406041542000004150827596,1307,0,366
SJO202406041542000004150827597,5961,0,777
SJO202406041542000004150827598,5407,0,582
SJO202406041542000004150827599,243,0,690
SJO202406041542000004150827600,1820,0,690
SJO202406041542000004150827601,9379,0,320
SJO202406041542000004150827602,8888,0,382
SJO202406041542000004150827603,3462,0,687
SJO202406041542000004150827604,8177,0,840
SJO202406041542000004150827605,7502,0,702
SJO202406041542000004150827606,5157,0,342
SJO202406041542000004150827607,1931,0,186
SJO202406041542000004150827608,5823,0,308
SJO202406041542000004150827609,3262,0,167
SJO202406041542000004150827610,789,0,969
SJO202406041542000004150827611,1649,0,48
SJO202406041542000004150827612,2142,0,924
SJO202406041542000004150827613,989,0,280
SJO202406041542000004150827614,4898,0,5
SJO202406041542000004150827615,7150,0,786
SJO202406041542000004150827616,7222,0,226
SJO202406041542000004150827617,8923,0,941
SJO202406041542000004150827618,2735,0,29
SJO202406041542000004150827619,3346,0,582
SJO202406041542000004150827620,3242,0,542
SJO202406041542000004150827621,175,0,333
SJO202406041542000004150827622,1219,0,211
SJO202406041542000004150827623,8119,0,345
SJO202406041542000004150827624,2907,0,794
SJO202406041542000004150827625,3518,0,580
SJO202406041542000004150827626,2452,0,360
SJO202406041542000004150827627,8302,0,171
SJO202406041542000004150827628,3951,0,224
SJO202406041542000004150827629,22,0,917
SJO202406041542000004150827630,2037,0,688
SJO202406041542000004150827631,1934,0,118
SJO202406041542000004150827632,31,0,443
SJO202406041542000004150827633,3899,0,515
SJO202406041542000004150827634,2486,0,4
SJO202406041542000004150827635,6226,0,54
SJO202406041542000004150827636,9247,0,257
SJO202406041542000004150827637,4468,0,650
SJO202406041542000004150827638,2498,0,835
SJO202406041542000004150827639,10000,0,447
SJO202406041542000004150827640,9185,0,641
SJO202406041542000004150827641,1525,0,23
SJO202406041542000004150827642,831,0,735
SJO202406041542000004150827643,4822,0,33
SJO202406041542000004150827644,2778,0,216
SJO202406041542000004150827645,361,0,488
SJO202406041542000004150827646,3385,0,736
SJO202406041542000004150827647,5710,0,366
SJO202406041542000004150827648,2953,0,568
SJO202406041542000004150827649,4523,0,623
SJO202406041542000004150827650,9121,0,295
SJO202406041542000004150827651,2049,0,175
SJO202406041542000004150827652,7765,0,180
SJO202406041542000004150827653,5828,0,528
SJO202406041542000004150827654,3201,0,525
SJO202406041542000004150827655,5214,0,822
SJO202406041542000004150827656,7800,0,906
SJO202406041542000004150827657,3644,0,845
SJO202406041542000004150827658,728,0,60
SJO202406041542000004150827659,2483,0,933
SJO202406041542000004150827660,4338,0,36
SJO202406041542000004150827661,9445,0,807
SJO202406041542000004150827662,7651,0,61
SJO202406041542000004150827663,3366,0,547
SJO202406041542000004150827664,6204,0,131
SJO202406041542000004150827665,8678,0,474
SJO202406041542000004150827666,6080,0,944
SJO202406041542000004150827667,6060,0,127
SJO202406041542000004150827668,4263,0,460
SJO202406041542000004150827669,2828,0,155
SJO202406041542000004150827670,5431,0,523
SJO202406041542000004150827671,4319,0,838
SJO202406041542000004150827672,6376,0,353
SJO202406041542000004150827673,3311,0,77
SJO202406041542000004150827674,9403,0,421
SJO202406041542000004150827675,400,0,78
SJO202406041542000004150827676,7737,0,27
SJO202406041542000004150827677,8791,0,590
SJO202406041542000004150827678,3942,0,285
SJO202406041542000004150827679,7988,0,434
SJO202406041542000004150827680,2746,0,582
SJO202406041542000004150827681,3409,0,838
SJO202406041542000004150827682,9095,0,855
SJO202406041542000004150827683,3635,0,500
SJO202406041542000004150827684,9284,0,261
SJO202406041542000004150827685,993,0,789
SJO202406041542000004150827686,8286,0,846
SJO202406041542000004150827687,3563,0,933
SJO202406041542000004150827688,7563,0,472
SJO202406041542000004150827689,416,0,466
SJO202406041542000004150827690,6589,0,571
SJO202406041542000004150827691,3051,0,994
SJO202406041542000004150827692,3655,0,553
SJO202406041542000004150827693,1987,0,8
SJO202406041542000004150827694,4382,0,857
SJO202406041542000004150827695,3221,0,50
SJO202406041542000004150827696,2690,0,128
SJO202406041542000004150827697,2677,0,180
SJO202406041542000004150827698,587,0,397
SJO202406041542000004150827699,9795,0,610
SJO202406041542000004150827700,2026,0,999
SJO202406041542000004150827701,8142,0,86
SJO202406041542000004150827702,3626,0,891
SJO202406041542000004150827703,4826,0,125
SJO202406041542000004150827704,6177,0,48
SJO202406041542000004150827705,6201,0,99
SJO202406041542000004150827706,28,0,368
SJO202406041542000004150827707,3633,0,632
SJO202406041542000004150827708,3824,0,105
SJO202406041542000004150827709,9478,0,432
SJO202406041542000004150827710,1381,0,372
SJO202406041542000004150827711,7191,0,169
SJO202406041542000004150827712,2206,0,19
SJO202406041542000004150827713,5820,0,892
SJO202406041542000004150827714,5220,0,794
SJO202406041542000004150827715,9955,0,697
SJO202406041542000004150827716,258,0,311
SJO202406041542000004150827717,5020,0,282
SJO202406041542000004150827718,4235,0,556
SJO202406041542000004150827719,5597,0,826
SJO202406041542000004150827720,7974,0,872
SJO202406041542000004150827721,6459,0,957
SJO202406041542000004150827722,4917,0,133
SJO202406041542000004150827723,9284,0,964
SJO202406041542000004150827724,1678,0,767
SJO202406041542000004150827725,1107,0,585
SJO202406041542000004150827726,8338,0,548
SJO202406041542000004150827727,8925,0,107
SJO202406041542000004150827728,5243,0,165
SJO202406041542000004150827729,2428,0,317
SJO202406041542000004150827730,7413,0,387
SJO202406041542000004150827731,9942,0,306
SJO202406041542000004150827732,4664,0,863
SJO202406041542000004150827733,7051,0,562
SJO202406041542000004150827734,6141,0,727
SJO202406041542000004150827735,8167,0,517
SJO202406041542000004150827736,2322,0,256
SJO202406041542000004150827737,656,0,606
SJO202406041542000004150827738,515,0,734
SJO202406041542000004150827739,4215,0,682
SJO202406041542000004150827740,2265,0,823
SJO202406041542000004150827741,9298,0,577
SJO202406041542000004150827742,9056,0,155
SJO202406041542000004150827743,6009,0,846
SJO202406041542000004150827744,6880,0,613
SJO202406041542000004150827745,4736,0,694
SJO202406041542000004150827746,5894,0,460
SJO202406041542000004150827747,7898,0,558
SJO202406041542000004150827748,1597,0,996
SJO202406041542000004150827749,4608,0,847
SJO202406041542000004150827750,7130,0,198
SJO202406041542000004150827751,8552,0,253
SJO202406041542000004150827752,7878,0,568
SJO202406041542000004150827753,3380,0,10
SJO202406041542000004150827754,7811,0,689
SJO202406041542000004150827755,2063,0,285
SJO202406041542000004150827756,2570,0,360
SJO202406041542000004150827757,4321,0,236
SJO202406041542000004150827758,7483,0,117
SJO202406041542000004150827759,2848,0,221
SJO202406041542000004150827760,1937,0,715
SJO202406041542000004150827761,3367,0,482
SJO202406041542000004150827762,6925,0,182
SJO202406041542000004150827763,1604,0,545
SJO202406041542000004150827764,6408,0,237
SJO202406041542000004150827765,2414,0,77
SJO202406041542000004150827766,65,0,517
SJO202406041542000004150827767,6634,0,311
SJO202406041542000004150827768,2365,0,408
SJO202406041542000004150827769,4376,0,20
SJO202406041542000004150827770,3028,0,190
SJO202406041542000004150827771,4259,0,642
SJO202406041542000004150827772,1311,0,867
SJO202406041542000004150827773,3843,0,90
SJO202406041542000004150827774,3065,0,702
SJO202406041542000004150827775,1125,0,917
SJO202406041542000004150827776,9715,0,776
SJO202406041542000004150827777,9029,0,510
SJO202406041542000004150827778,456,0,325
SJO202406041542000004150827779,943,0,4
SJO202406041542000004150827780,1771,0,489
SJO202406041542000004150827781,6991,0,393
SJO202406041542000004150827782,7847,0,122
SJO202406041542000004150827783,605,0,832
SJO202406041542000004150827784,2749,0,534
SJO202406041542000004150827785,2209,0,323
SJO202406041542000004150827786,4707,0,419
SJO202406041542000004150827787,3851,0,789
SJO202406041542000004150827788,7605,0,2
SJO202406041542000004150827789,6588,0,394
SJO202406041542000004150827790,8149,0,113
SJO202406041542000004150827791,790,0,953
SJO202406041542000004150827792,9121,0,677
SJO202406041542000004150827793,1550,0,419
SJO202406041542000004150827794,3759,0,134
SJO202406041542000004150827795,4211,0,189
SJO202406041542000004150827796,4090,0,184
SJO202406041542000004150827797,8206,0,736
SJO202406041542000004150827798,64,0,156
SJO202406041542000004150827799,2663,0,1000
SJO202406041542000004150827800,5785,0,758
SJO202406041542000004150827801,4918,0,77
SJO202406041542000004150827802,627,0,335
SJO202406041542000004150827803,8265,0,205
SJO202406041542000004150827804,3268,0,720
SJO202406041542000004150827805,4697,0,39
SJO202406041542000004150827806,4530,0,955
SJO202406041542000004150827807,986,0,722
SJO202406041542000004150827808,8644,0,32
SJO202406041542000004150827809,1645,0,788
SJO202406041542000004150827810,1496,0,109
SJO202406041542000004150827811,2747,0,906
SJO202406041542000004150827812,9268,0,416
SJO202406041542000004150827813,4638,0,767
SJO202406041542000004150827814,1971,0,680
SJO202406041542000004150827815,2056,0,811
SJO202406041542000004150827816,3799,0,339
SJO202406041542000004150827817,1075,0,896
SJO202406041542000004150827818,8543,0,487
SJO202406041542000004150827819,555,0,852
SJO202406041542000004150827820,1950,0,885
SJO202406041542000004150827821,1993,0,908
SJO202406041542000004150827822,9414,0,749
SJO202406041542000004150827823,9638,0,320
SJO202406041542000004150827824,7083,0,541
SJO202406041542000004150827825,4647,0,848
SJO202406041542000004150827826,7451,0,711
SJO202406041542000004150827827,5086,0,671
SJO202406041542000004150827828,9199,0,803
SJO202406041542000004150827829,4370,0,451
SJO202406041542000004150827830,1049,0,514
SJO202406041542000004150827831,7618,0,371
SJO202406041542000004150827832,8830,0,688
SJO202406041542000004150827833,4837,0,68
SJO202406041542000004150827834,626,0,247
SJO202406041542000004150827835,4295,0,285
SJO202406041542000004150827836,789,0,10
SJO202406041542000004150827837,8398,0,955
SJO202406041542000004150827838,5624,0,835
SJO202406041542000004150827839,7374,0,975
SJO202406041542000004150827840,370,0,2
SJO202406041542000004150827841,611,0,227
SJO202406041542000004150827842,7873,0,583
SJO202406041542000004150827843,1926,0,332
SJO202406041542000004150827844,6309,0,203
SJO202406041542000004150827845,1308,0,201
SJO202406041542000004150827846,6366,0,690
SJO202406041542000004150827847,6992,0,313
SJO202406041542000004150827848,7831,0,563
SJO202406041542000004150827849,9304,0,469
SJO202406041542000004150827850,5300,0,491
SJO202406041542000004150827851,4610,0,23
SJO202406041542000004150827852,9190,0,823
SJO202406041542000004150827853,9884,0,922
SJO202406041542000004150827854,777,0,122
SJO202406041542000004150827855,4272,0,1
SJO202406041542000004150827856,4695,0,966
SJO202406041542000004150827857,2020,0,399
SJO202406041542000004150827858,2510,0,105
SJO202406041542000004150827859,6932,0,499
SJO202406041542000004150827860,7623,0,957
SJO202406041542000004150827861,9180,0,582
SJO202406041542000004150827862,8614,0,515
SJO202406041542000004150827863,1556,0,225
SJO202406041542000004150827864,3132,0,555
SJO202406041542000004150827865,4380,0,278
SJO202406041542000004150827866,9125,0,792
SJO202406041542000004150827867,4072,0,306
SJO202406041542000004150827868,9773,0,673
SJO202406041542000004150827869,501,0,470
SJO202406041542000004150827870,6990,0,112
SJO202406041542000004150827871,4653,0,958
SJO202406041542000004150827872,2938,0,940
SJO202406041542000004150827873,6806,0,34
SJO202406041542000004150827874,1535,0,928
SJO202406041542000004150827875,9429,0,409
SJO202406041542000004150827876,5272,0,46
SJO202406041542000004150827877,7961,0,736
SJO202406041542000004150827878,2706,0,604
SJO202406041542000004150827879,7833,0,69
SJO202406041542000004150827880,5311,0,738
SJO202406041542000004150827881,3953,0,509
SJO202406041542000004150827882,179,0,757
SJO202406041542000004150827883,2032,0,451
SJO202406041542000004150827884,9313,0,439
SJO202406041542000004150827885,315,0,66
SJO202406041542000004150827886,1657,0,732
SJO202406041542000004150827887,9705,0,467
SJO202406041542000004150827888,5059,0,938
SJO202406041542000004150827889,2055,0,562
SJO202406041542000004150827890,7614,0,530
SJO202406041542000004150827891,666,0,466
SJO202406041542000004150827892,7611,0,920
SJO202406041542000004150827893,2789,0,310
SJO202406041542000004150827894,6244,0,661
SJO202406041542000004150827895,6370,0,215
SJO202406041542000004150827896,9665,0,742
SJO202406041542000004150827897,5380,0,745
SJO202406041542000004150827898,867,0,644
SJO202406041542000004150827899,9486,0,982
SJO202406041542000004150827900,7540,0,501
SJO202406041542000004150827901,2940,0,294
SJO202406041542000004150827902,4150,0,475
SJO202406041542000004150827903,7247,0,462
SJO202406041542000004150827904,4100,0,170
SJO202406041542000004150827905,8344,0,346
SJO202406041542000004150827906,7324,0,121
SJO202406041542000004150827907,8738,0,414
SJO202406041542000004150827908,1585,0,974
SJO202406041542000004150827909,3470,0,299
SJO202406041542000004150827910,261,0,698
SJO202406041542000004150827911,7818,0,410
SJO202406041542000004150827912,4237,0,448
SJO202406041542000004150827913,1583,0,392
SJO202406041542000004150827914,9522,0,521
SJO202406041542000004150827915,8673,0,162
SJO202406041542000004150827916,6251,0,369
SJO202406041542000004150827917,8856,0,492
SJO202406041542000004150827918,63,0,646
SJO202406041542000004150827919,6798,0,622
SJO202406041542000004150827920,8979,0,360
SJO202406041542000004150827921,1901,0,868
SJO202406041542000004150827922,8907,0,835
SJO202406041542000004150827923,3244,0,694
SJO202406041542000004150827924,3300,0,776
SJO202406041542000004150827925,720,0,11
SJO202406041542000004150827926,4590,0,323
SJO202406041542000004150827927,1569,0,115
SJO202406041542000004150827928,7314,0,801
SJO202406041542000004150827929,2791,0,476
SJO202406041542000004150827930,4711,0,109
SJO202406041542000004150827931,6011,0,995
SJO202406041542000004150827932,3400,0,433
SJO202406041542000004150827933,6959,0,289
SJO202406041542000004150827934,5088,0,151
SJO202406041542000004150827935,3259,0,531
SJO202406041542000004150827936,6737,0,441
SJO202406041542000004150827937,2557,0,255
SJO202406041542000004150827938,9744,0,486
SJO202406041542000004150827939,9126,0,785
SJO202406041542000004150827940,9358,0,158
SJO202406041542000004150827941,2331,0,88
SJO202406041542000004150827942,8058,0,274
SJO202406041542000004150827943,4538,0,250
SJO202406041542000004150827944,4882,0,312
SJO202406041542000004150827945,7298,0,756
SJO202406041542000004150827946,9032,0,356
SJO202406041542000004150827947,3990,0,886
SJO202406041542000004150827948,8790,0,233
SJO202406041542000004150827949,9757,0,97
SJO202406041542000004150827950,8583,0,779
SJO202406041542000004150827951,8427,0,183
SJO202406041542000004150827952,3343,0,273
SJO202406041542000004150827953,3471,0,127
SJO202406041542000004150827954,8379,0,172
SJO202406041542000004150827955,4892,0,448
SJO202406041542000004150827956,4556,0,487
SJO202406041542000004150827957,6579,0,523
SJO202406041542000004150827958,4486,0,582
SJO202406041542000004150827959,6751,0,873
SJO202406041542000004150827960,6930,0,640
SJO202406041542000004150827961,826,0,655
SJO202406041542000004150827962,3064,0,950
SJO202406041542000004150827963,2334,0,564
SJO202406041542000004150827964,3440,0,258
SJO202406041542000004150827965,751,0,216
SJO202406041542000004150827966,7554,0,344
SJO202406041542000004150827967,1146,0,932
SJO202406041542000004150827968,6724,0,627
SJO202406041542000004150827969,7082,0,670
SJO202406041542000004150827970,1134,0,370
SJO202406041542000004150827971,2635,0,578
SJO202406041542000004150827972,4599,0,795
SJO202406041542000004150827973,4087,0,753
SJO202406041542000004150827974,6821,0,955
SJO202406041542000004150827975,552,0,425
SJO202406041542000004150827976,1182,0,336
SJO202406041542000004150827977,192,0,283
SJO202406041542000004150827978,4447,0,370
SJO202406041542000004150827979,3998,0,923
SJO202406041542000004150827980,7380,0,850
SJO202406041542000004150827981,8415,0,657
SJO202406041542000004150827982,6375,0,184
SJO202406041542000004150827983,3391,0,87
SJO202406041542000004150827984,412,0,527
SJO202406041542000004150827985,1149,0,472
SJO202406041542000004150827986,123,0,870
SJO202406041542000004150827987,3071,0,210
SJO202406041542000004150827988,2254,0,2
SJO202406041542000004150827989,8168,0,894
SJO202406041542000004150827990,3317,0,924
SJO202406041542000004150827991,1367,0,969
SJO202406041542000004150827992,8081,0,748
SJO202406041542000004150827993,1191,0,957
SJO202406041542000004150827994,7627,0,319
SJO202406041542000004150827995,850,0,278
SJO202406041542000004150827996,3105,0,848
SJO202406041542000004150827997,2967,0,563
SJO202406041542000004150827998,6502,0,344
SJO202406041542000004150827999,8728,0,809
SJO202406041542000004150828000,1306,0,748
SJO202406041542000004150828001,1829,0,390
SJO202406041542000004150828002,4290,0,244
SJO202406041542000004150828003,2304,0,798
SJO202406041542000004150828004,4729,0,845
SJO202406041542000004150828005,9657,0,392
SJO202406041542000004150828006,4527,0,591
SJO202406041542000004150828007,6630,0,551
SJO202406041542000004150828008,9285,0,327
SJO202406041542000004150828009,2197,0,965
SJO202406041542000004150828010,7144,0,775
SJO202406041542000004150828011,3193,0,189
SJO202406041542000004150828012,3112,0,684
SJO202406041542000004150828013,2957,0,450
SJO202406041542000004150828014,83,0,897
SJO202406041542000004150828015,3434,0,822
SJO202406041542000004150828016,3434,0,151
SJO202406041542000004150828017,9076,0,526
SJO202406041542000004150828018,5833,0,411
SJO202406041542000004150828019,1081,0,258
SJO202406041542000004150828020,7338,0,822
SJO202406041542000004150828021,695,0,141
SJO202406041542000004150828022,6102,0,387
SJO202406041542000004150828023,722,0,660
SJO202406041542000004150828024,1177,0,902
SJO202406041542000004150828025,8426,0,497
SJO202406041542000004150828026,938,0,624
SJO202406041542000004150828027,6688,0,143
SJO202406041542000004150828028,3905,0,268
SJO202406041542000004150828029,7941,0,604
SJO202406041542000004150828030,7984,0,504
SJO202406041542000004150828031,6296,0,371
SJO202406041542000004150828032,8049,0,737
SJO202406041542000004150828033,600,0,834
SJO202406041542000004150828034,9183,0,53
SJO202406041542000004150828035,1066,0,209
SJO202406041542000004150828036,7485,0,287
SJO202406041542000004150828037,7818,0,98
SJO202406041542000004150828038,3004,0,765
SJO202406041542000004150828039,4612,0,916
SJO202406041542000004150828040,8843,0,363
SJO202406041542000004150828041,413,0,79
SJO202406041542000004150828042,385,0,866
SJO202406041542000004150828043,8186,0,402
SJO202406041542000004150828044,2230,0,608
SJO202406041542000004150828045,4114,0,962
SJO202406041542000004150828046,7863,0,451
SJO202406041542000004150828047,3752,0,775
SJO202406041542000004150828048,2978,0,144
SJO202406041542000004150828049,8572,0,990
SJO202406041542000004150828050,4720,0,908
SJO202406041542000004150828051,7824,0,101
SJO202406041542000004150828052,6061,0,812
SJO202406041542000004150828053,629,0,85
SJO202406041542000004150828054,3935,0,350
SJO202406041542000004150828055,7298,0,249
SJO202406041542000004150828056,618,0,659
SJO202406041542000004150828057,3378,0,650
SJO202406041542000004150828058,3771,0,537
SJO202406041542000004150828059,9367,0,885
SJO202406041542000004150828060,502,0,416
SJO202406041542000004150828061,4361,0,477
SJO202406041542000004150828062,4909,0,961
SJO202406041542000004150828063,8344,0,131
SJO202406041542000004150828064,4716,0,643
SJO202406041542000004150828065,7491,0,838
SJO202406041542000004150828066,290,0,415
SJO202406041542000004150828067,6286,0,597
SJO202406041542000004150828068,5038,0,486
SJO202406041542000004150828069,731,0,439
SJO202406041542000004150828070,3116,0,441
SJO202406041542000004150828071,3052,0,967
SJO202406041542000004150828072,251,0,169
SJO202406041542000004150828073,1201,0,517
SJO202406041542000004150828074,6123,0,654
SJO202406041542000004150828075,5006,0,189
SJO202406041542000004150828076,4649,0,653
SJO202406041542000004150828077,585,0,219
SJO202406041542000004150828078,428,0,952
SJO202406041542000004150828079,7479,0,452
SJO202406041542000004150828080,2970,0,823
SJO202406041542000004150828081,2305,0,451
SJO202406041542000004150828082,1809,0,118
SJO202406041542000004150828083,4855,0,209
SJO202406041542000004150828084,6536,0,271
SJO202406041542000004150828085,7564,0,979
SJO202406041542000004150828086,7233,0,904
SJO202406041542000004150828087,2679,0,704
SJO202406041542000004150828088,8167,0,781
SJO202406041542000004150828089,8929,0,541
SJO202406041542000004150828090,4429,0,387
SJO202406041542000004150828091,3118,0,648
SJO202406041542000004150828092,4091,0,633
SJO202406041542000004150828093,718,0,409
SJO202406041542000004150828094,5842,0,466
SJO202406041542000004150828095,4731,0,494
SJO202406041542000004150828096,3874,0,146
SJO202406041542000004150828097,6645,0,656
SJO202406041542000004150828098,8525,0,931
SJO202406041542000004150828099,4265,0,268
SJO202406041542000004150828100,164,0,117
SJO202406041542000004150828101,1548,0,26
SJO202406041542000004150828102,9091,0,406
SJO202406041542000004150828103,21,0,714
SJO202406041542000004150828104,8647,0,296
SJO202406041542000004150828105,9293,0,383
SJO202406041542000004150828106,7287,0,992
SJO202406041542000004150828107,9189,0,183
SJO202406041542000004150828108,5810,0,107
SJO202406041542000004150828109,5419,0,321
SJO202406041542000004150828110,3190,0,831
SJO202406041542000004150828111,1916,0,56
SJO202406041542000004150828112,5316,0,7
SJO202406041542000004150828113,5909,0,333
SJO202406041542000004150828114,498,0,531
SJO202406041542000004150828115,63,0,824
SJO202406041542000004150828116,2263,0,696
SJO202406041542000004150828117,7295,0,654
SJO202406041542000004150828118,3340,0,992
SJO202406041542000004150828119,5278,0,177
SJO202406041542000004150828120,4591,0,500
SJO202406041542000004150828121,750,0,886
SJO202406041542000004150828122,2215,0,37
SJO202406041542000004150828123,7791,0,166
SJO202406041542000004150828124,3961,0,426
SJO202406041542000004150828125,5265,0,997
SJO202406041542000004150828126,4992,0,53
SJO202406041542000004150828127,9254,0,577
SJO202406041542000004150828128,8068,0,389
SJO202406041542000004150828129,2000,0,599
SJO202406041542000004150828130,5531,0,256
SJO202406041542000004150828131,8858,0,521
SJO202406041542000004150828132,2036,0,334
SJO202406041542000004150828133,4897,0,398
SJO202406041542000004150828134,3937,0,301
SJO202406041542000004150828135,2659,0,25
SJO202406041542000004150828136,6045,0,167
SJO202406041542000004150828137,4470,0,736
SJO202406041542000004150828138,1676,0,976
SJO202406041542000004150828139,8258,0,754
SJO202406041542000004150828140,2899,0,86
SJO202406041542000004150828141,5083,0,394
SJO202406041542000004150828142,3394,0,353
SJO202406041542000004150828143,5792,0,395
SJO202406041542000004150828144,2566,0,853
SJO202406041542000004150828145,1910,0,84
SJO202406041542000004150828146,5060,0,717
SJO202406041542000004150828147,9442,0,445
SJO202406041542000004150828148,1283,0,986
SJO202406041542000004150828149,4311,0,200
SJO202406041542000004150828150,7827,0,850
SJO202406041542000004150828151,1591,0,48
SJO202406041542000004150828152,9020,0,139
SJO202406041542000004150828153,3476,0,631
SJO202406041542000004150828154,9415,0,203
SJO202406041542000004150828155,9918,0,404
SJO202406041542000004150828156,9625,0,760
SJO202406041542000004150828157,7500,0,668
SJO202406041542000004150828158,6150,0,116
SJO202406041542000004150828159,2008,0,731
SJO202406041542000004150828160,4812,0,675
SJO202406041542000004150828161,6900,0,716
SJO202406041542000004150828162,8993,0,240
SJO202406041542000004150828163,1724,0,904
SJO202406041542000004150828164,5328,0,614
SJO202406041542000004150828165,1243,0,415
SJO202406041542000004150828166,2224,0,769
SJO202406041542000004150828167,2222,0,37
SJO202406041542000004150828168,4176,0,211
SJO202406041542000004150828169,4228,0,417
SJO202406041542000004150828170,6871,0,992
SJO202406041542000004150828171,1118,0,793
SJO202406041542000004150828172,8204,0,298
SJO202406041542000004150828173,421,0,12
SJO202406041542000004150828174,4714,0,425
SJO202406041542000004150828175,3771,0,662
SJO202406041542000004150828176,1792,0,412
SJO202406041542000004150828177,5335,0,807
SJO202406041542000004150828178,4746,0,361
SJO202406041542000004150828179,4195,0,654
SJO202406041542000004150828180,4926,0,636
SJO202406041542000004150828181,8179,0,822
SJO202406041542000004150828182,1793,0,568
SJO202406041542000004150828183,6754,0,153
SJO202406041542000004150828184,1862,0,401
SJO202406041542000004150828185,8661,0,644
SJO202406041542000004150828186,1130,0,692
SJO202406041542000004150828187,2,0,519
SJO202406041542000004150828188,5405,0,524
SJO202406041542000004150828189,7882,0,294
SJO202406041542000004150828190,5417,0,550
SJO202406041542000004150828191,8703,0,132
SJO202406041542000004150828192,2871,0,383
SJO202406041542000004150828193,8724,0,430
SJO202406041542000004150828194,1448,0,85
SJO202406041542000004150828195,9057,0,868
SJO202406041542000004150828196,3247,0,640
SJO202406041542000004150828197,6761,0,664
SJO202406041542000004150828198,8457,0,112
SJO202406041542000004150828199,912,0,76
SJO202406041542000004150828200,3894,0,577
SJO202406041542000004150828201,8870,0,863
SJO202406041542000004150828202,196,0,542
SJO202406041542000004150828203,6314,0,654
SJO202406041542000004150828204,8057,0,34
SJO202406041542000004150828205,8236,0,528
SJO202406041542000004150828206,1215,0,211
SJO202406041542000004150828207,6288,0,351
SJO202406041542000004150828208,1831,0,695
SJO202406041542000004150828209,6255,0,787
SJO202406041542000004150828210,9717,0,269
SJO202406041542000004150828211,3771,0,285
SJO202406041542000004150828212,358,0,243
SJO202406041542000004150828213,9965,0,815
SJO202406041542000004150828214,568,0,729
SJO202406041542000004150828215,4376,0,590
SJO202406041542000004150828216,3526,0,390
SJO202406041542000004150828217,3004,0,594
SJO202406041542000004150828218,1304,0,1
SJO202406041542000004150828219,1894,0,182
SJO202406041542000004150828220,6227,0,491
SJO202406041542000004150828221,5811,0,263
SJO202406041542000004150828222,5577,0,538
SJO202406041542000004150828223,9447,0,563
SJO202406041542000004150828224,6754,0,436
SJO202406041542000004150828225,2333,0,727
SJO202406041542000004150828226,2821,0,412
SJO202406041542000004150828227,77,0,128
SJO202406041542000004150828228,1406,0,811
SJO202406041542000004150828229,3489,0,104
SJO202406041542000004150828230,231,0,788
SJO202406041542000004150828231,1041,0,968
SJO202406041542000004150828232,1510,0,594
SJO202406041542000004150828233,2491,0,823
SJO202406041542000004150828234,3895,0,671
SJO202406041542000004150828235,8767,0,922
SJO202406041542000004150828236,2422,0,394
SJO202406041542000004150828237,9395,0,630
SJO202406041542000004150828238,7921,0,867
SJO202406041542000004150828239,9530,0,643
SJO202406041542000004150828240,6054,0,769
SJO202406041542000004150828241,4852,0,249
SJO202406041542000004150828242,6103,0,144
SJO202406041542000004150828243,1077,0,15
SJO202406041542000004150828244,444,0,590
SJO202406041542000004150828245,3652,0,740
SJO202406041542000004150828246,9602,0,164
SJO202406041542000004150828247,6205,0,171
SJO202406041542000004150828248,372,0,766
SJO202406041542000004150828249,1778,0,752
SJO202406041542000004150828250,3599,0,564
SJO202406041542000004150828251,8506,0,361
SJO202406041542000004150828252,9595,0,109
SJO202406041542000004150828253,9218,0,214
SJO202406041542000004150828254,3383,0,564
SJO202406041542000004150828255,586,0,661
SJO202406041542000004150828256,9199,0,884
SJO202406041542000004150828257,4316,0,26
SJO202406041542000004150828258,7076,0,777
SJO202406041542000004150828259,1863,0,589
SJO202406041542000004150828260,3157,0,869
SJO202406041542000004150828261,5993,0,148
SJO202406041542000004150828262,6153,0,27
SJO202406041542000004150828263,3168,0,391
SJO202406041542000004150828264,6668,0,796
SJO202406041542000004150828265,1627,0,201
SJO202406041542000004150828266,8863,0,433
SJO202406041542000004150828267,9652,0,681
SJO202406041542000004150828268,140,0,741
SJO202406041542000004150828269,1340,0,775
SJO202406041542000004150828270,7808,0,540
SJO202406041542000004150828271,8779,0,292
SJO202406041542000004150828272,3178,0,319
SJO202406041542000004150828273,2562,0,303
SJO202406041542000004150828274,5199,0,599
SJO202406041542000004150828275,4582,0,214
SJO202406041542000004150828276,3844,0,787
SJO202406041542000004150828277,852,0,549
SJO202406041542000004150828278,6008,0,890
SJO202406041542000004150828279,8341,0,582
SJO202406041542000004150828280,5891,0,923
SJO202406041542000004150828281,1299,0,109
SJO202406041542000004150828282,5260,0,330
SJO202406041542000004150828283,7579,0,955
SJO202406041542000004150828284,7231,0,940
SJO202406041542000004150828285,4085,0,314
SJO202406041542000004150828286,4075,0,451
SJO202406041542000004150828287,3576,0,272
SJO202406041542000004150828288,2196,0,273
SJO202406041542000004150828289,7377,0,80
SJO202406041542000004150828290,226,0,744
SJO202406041542000004150828291,7704,0,882
SJO202406041542000004150828292,8232,0,410
SJO202406041542000004150828293,5384,0,383
SJO202406041542000004150828294,5932,0,135
SJO202406041542000004150828295,5603,0,404
SJO202406041542000004150828296,7258,0,405
SJO202406041542000004150828297,4586,0,14
SJO202406041542000004150828298,9440,0,425
SJO202406041542000004150828299,5643,0,579
SJO202406041542000004150828300,3259,0,177
SJO202406041542000004150828301,9193,0,737
SJO202406041542000004150828302,4030,0,718
SJO202406041542000004150828303,2648,0,413
SJO202406041542000004150828304,554,0,39
SJO202406041542000004150828305,5259,0,84
SJO202406041542000004150828306,7960,0,970
SJO202406041542000004150828307,6968,0,871
SJO202406041542000004150828308,2041,0,323
SJO202406041542000004150828309,1429,0,66
SJO202406041542000004150828310,3061,0,841
SJO202406041542000004150828311,5763,0,521
SJO202406041542000004150828312,182,0,825
SJO202406041542000004150828313,7309,0,723
SJO202406041542000004150828314,1945,0,32
SJO202406041542000004150828315,546,0,110
SJO202406041542000004150828316,2042,0,637
SJO202406041542000004150828317,8541,0,984
SJO202406041542000004150828318,3633,0,428
SJO202406041542000004150828319,8080,0,441
SJO202406041542000004150828320,8164,0,483
SJO202406041542000004150828321,1115,0,958
SJO202406041542000004150828322,2099,0,632
SJO202406041542000004150828323,9975,0,799
SJO202406041542000004150828324,6659,0,385
SJO202406041542000004150828325,8863,0,62
SJO202406041542000004150828326,9335,0,934
SJO202406041542000004150828327,9990,0,715
SJO202406041542000004150828328,2841,0,150
SJO202406041542000004150828329,3373,0,512
SJO202406041542000004150828330,9846,0,621
SJO202406041542000004150828331,8519,0,185
SJO202406041542000004150828332,9853,0,690
SJO202406041542000004150828333,4470,0,80
SJO202406041542000004150828334,6032,0,739
SJO202406041542000004150828335,6005,0,97
SJO202406041542000004150828336,8059,0,12
SJO202406041542000004150828337,8214,0,925
SJO202406041542000004150828338,2831,0,349
SJO202406041542000004150828339,8887,0,857
SJO202406041542000004150828340,576,0,702
SJO202406041542000004150828341,7967,0,823
SJO202406041542000004150828342,7422,0,661
SJO202406041542000004150828343,6596,0,344
SJO202406041542000004150828344,1180,0,144
SJO202406041542000004150828345,768,0,519
SJO202406041542000004150828346,7408,0,963
SJO202406041542000004150828347,9539,0,888
SJO202406041542000004150828348,8630,0,880
SJO202406041542000004150828349,2858,0,121
SJO202406041542000004150828350,8728,0,37
SJO202406041542000004150828351,2980,0,497
SJO202406041542000004150828352,7814,0,996
SJO202406041542000004150828353,8730,0,545
SJO202406041542000004150828354,5199,0,253
SJO202406041542000004150828355,3364,0,958
SJO202406041542000004150828356,2477,0,122
SJO202406041542000004150828357,4922,0,597
SJO202406041542000004150828358,5269,0,906
SJO202406041542000004150828359,9021,0,827
SJO202406041542000004150828360,5662,0,439
SJO202406041542000004150828361,2527,0,353
SJO202406041542000004150828362,2515,0,504
SJO202406041542000004150828363,1077,0,693
SJO202406041542000004150828364,2103,0,368
SJO202406041542000004150828365,8179,0,608
SJO202406041542000004150828366,8115,0,440
SJO202406041542000004150828367,7238,0,319
SJO202406041542000004150828368,3677,0,492
SJO202406041542000004150828369,1743,0,144
SJO202406041542000004150828370,3645,0,497
SJO202406041542000004150828371,1625,0,345
SJO202406041542000004150828372,4827,0,851
SJO202406041542000004150828373,1997,0,885
SJO202406041542000004150828374,4601,0,672
SJO202406041542000004150828375,3358,0,603
SJO202406041542000004150828376,9150,0,246
SJO202406041542000004150828377,1756,0,451
SJO202406041542000004150828378,194,0,990
SJO202406041542000004150828379,3032,0,639
SJO202406041542000004150828380,4755,0,269
SJO202406041542000004150828381,2741,0,272
SJO202406041542000004150828382,9002,0,812
SJO202406041542000004150828383,4980,0,380
SJO202406041542000004150828384,3775,0,240
SJO202406041542000004150828385,6492,0,991
SJO202406041542000004150828386,5941,0,859
SJO202406041542000004150828387,8959,0,623
SJO202406041542000004150828388,7257,0,940
SJO202406041542000004150828389,7674,0,899
SJO202406041542000004150828390,6246,0,691
SJO202406041542000004150828391,1382,0,633
SJO202406041542000004150828392,3129,0,757
SJO202406041542000004150828393,1206,0,943
SJO202406041542000004150828394,837,0,377
SJO202406041542000004150828395,1499,0,523
SJO202406041542000004150828396,1060,0,532
SJO202406041542000004150828397,3368,0,199
SJO202406041542000004150828398,8136,0,269
SJO202406041542000004150828399,7387,0,907
SJO202406041542000004150828400,552,0,465
SJO202406041542000004150828401,1630,0,816
SJO202406041542000004150828402,4958,0,919
SJO202406041542000004150828403,5721,0,916
SJO202406041542000004150828404,622,0,376
SJO202406041542000004150828405,4679,0,787
SJO202406041542000004150828406,5439,0,806
SJO202406041542000004150828407,7549,0,133
SJO202406041542000004150828408,9474,0,825
SJO202406041542000004150828409,7889,0,899
SJO202406041542000004150828410,6729,0,978
SJO202406041542000004150828411,8771,0,228
SJO202406041542000004150828412,7178,0,731
SJO202406041542000004150828413,9432,0,877
SJO202406041542000004150828414,7721,0,837
SJO202406041542000004150828415,8922,0,882
SJO202406041542000004150828416,4767,0,134
SJO202406041542000004150828417,517,0,721
SJO202406041542000004150828418,6742,0,835
SJO202406041542000004150828419,4079,0,379
SJO202406041542000004150828420,7433,0,672
SJO202406041542000004150828421,7051,0,165
SJO202406041542000004150828422,73,0,598
SJO202406041542000004150828423,8013,0,304
SJO202406041542000004150828424,6795,0,913
SJO202406041542000004150828425,7121,0,349
SJO202406041542000004150828426,8787,0,378
SJO202406041542000004150828427,793,0,710
SJO202406041542000004150828428,8591,0,803
SJO202406041542000004150828429,9244,0,301
SJO202406041542000004150828430,4080,0,283
SJO202406041542000004150828431,3775,0,585
SJO202406041542000004150828432,6227,0,2
SJO202406041542000004150828433,8114,0,600
SJO202406041542000004150828434,9715,0,813
SJO202406041542000004150828435,67,0,91
SJO202406041542000004150828436,3737,0,155
SJO202406041542000004150828437,2288,0,832
SJO202406041542000004150828438,4262,0,205
SJO202406041542000004150828439,5852,0,290
SJO202406041542000004150828440,3495,0,635
SJO202406041542000004150828441,3694,0,230
SJO202406041542000004150828442,1255,0,803
SJO202406041542000004150828443,151,0,251
SJO202406041542000004150828444,2427,0,725
SJO202406041542000004150828445,7847,0,819
SJO202406041542000004150828446,8348,0,321
SJO202406041542000004150828447,3102,0,719
SJO202406041542000004150828448,8823,0,934
SJO202406041542000004150828449,7185,0,2
SJO202406041542000004150828450,7706,0,455
SJO202406041542000004150828451,722,0,621
SJO202406041542000004150828452,7997,0,933
SJO202406041542000004150828453,8180,0,666
SJO202406041542000004150828454,2271,0,901
SJO202406041542000004150828455,3587,0,153
SJO202406041542000004150828456,6408,0,915
SJO202406041542000004150828457,572,0,892
SJO202406041542000004150828458,9097,0,354
SJO202406041542000004150828459,5374,0,786
SJO202406041542000004150828460,4714,0,159
SJO202406041542000004150828461,6067,0,723
SJO202406041542000004150828462,4880,0,564
SJO202406041542000004150828463,6449,0,90
SJO202406041542000004150828464,4056,0,387
SJO202406041542000004150828465,7065,0,765
SJO202406041542000004150828466,6420,0,609
SJO202406041542000004150828467,7345,0,116
SJO202406041542000004150828468,8030,0,57
SJO202406041542000004150828469,6446,0,321
SJO202406041542000004150828470,710,0,567
SJO202406041542000004150828471,1437,0,950
SJO202406041542000004150828472,7899,0,973
SJO202406041542000004150828473,6990,0,281
SJO202406041542000004150828474,917,0,373
SJO202406041542000004150828475,6163,0,411
SJO202406041542000004150828476,5008,0,590
SJO202406041542000004150828477,1886,0,954
SJO202406041542000004150828478,1906,0,894
SJO202406041542000004150828479,3771,0,406
SJO202406041542000004150828480,3200,0,474
SJO202406041542000004150828481,7549,0,612
SJO202406041542000004150828482,786,0,898
SJO202406041542000004150828483,9666,0,79
SJO202406041542000004150828484,8015,0,42
SJO202406041542000004150828485,9848,0,62
SJO202406041542000004150828486,8398,0,748
SJO202406041542000004150828487,2658,0,6
SJO202406041542000004150828488,6704,0,122
SJO202406041542000004150828489,4589,0,890
SJO202406041542000004150828490,8704,0,922
SJO202406041542000004150828491,3116,0,846
SJO202406041542000004150828492,5957,0,70
SJO202406041542000004150828493,9470,0,164
SJO202406041542000004150828494,536,0,911
SJO202406041542000004150828495,1322,0,786
SJO202406041542000004150828496,5005,0,192
SJO202406041542000004150828497,2050,0,829
SJO202406041542000004150828498,1244,0,424
SJO202406041542000004150828499,73,0,265
SJO202406041542000004150828500,4216,0,731
SJO202406041542000004150828501,5524,0,958
SJO202406041542000004150828502,8263,0,469
SJO202406041542000004150828503,5888,0,247
SJO202406041542000004150828504,2825,0,954
SJO202406041542000004150828505,2187,0,861
SJO202406041542000004150828506,8180,0,658
SJO202406041542000004150828507,1724,0,955
SJO202406041542000004150828508,1483,0,296
SJO202406041542000004150828509,732,0,960
SJO202406041542000004150828510,277,0,634
SJO202406041542000004150828511,5424,0,855
SJO202406041542000004150828512,7919,0,127
SJO202406041542000004150828513,8549,0,936
SJO202406041542000004150828514,5154,0,359
SJO202406041542000004150828515,790,0,88
SJO202406041542000004150828516,677,0,94
SJO202406041542000004150828517,235,0,664
SJO202406041542000004150828518,689,0,404
SJO202406041542000004150828519,5855,0,90
SJO202406041542000004150828520,2307,0,741
SJO202406041542000004150828521,89,0,634
SJO202406041542000004150828522,1568,0,897
SJO202406041542000004150828523,5628,0,71
SJO202406041542000004150828524,4640,0,29
SJO202406041542000004150828525,383,0,564
SJO202406041542000004150828526,5589,0,729
SJO202406041542000004150828527,466,0,989
SJO202406041542000004150828528,4430,0,291
SJO202406041542000004150828529,4495,0,423
SJO202406041542000004150828530,1279,0,710
SJO202406041542000004150828531,3488,0,117
SJO202406041542000004150828532,3983,0,178
SJO202406041542000004150828533,7744,0,409
SJO202406041542000004150828534,7332,0,43
SJO202406041542000004150828535,8991,0,456
SJO202406041542000004150828536,3603,0,127
SJO202406041542000004150828537,7848,0,113
SJO202406041542000004150828538,7858,0,232
SJO202406041542000004150828539,7124,0,706
SJO202406041542000004150828540,9829,0,710
SJO202406041542000004150828541,3043,0,13
SJO202406041542000004150828542,8332,0,235
SJO202406041542000004150828543,1522,0,946
SJO202406041542000004150828544,5237,0,463
SJO202406041542000004150828545,1965,0,50
SJO202406041542000004150828546,1562,0,670
SJO202406041542000004150828547,4264,0,54
SJO202406041542000004150828548,4889,0,253
SJO202406041542000004150828549,9965,0,757
SJO202406041542000004150828550,6693,0,945
SJO202406041542000004150828551,4243,0,750
SJO202406041542000004150828552,8864,0,564
SJO202406041542000004150828553,4582,0,382
SJO202406041542000004150828554,7114,0,741
SJO202406041542000004150828555,5160,0,623
SJO202406041542000004150828556,3996,0,456
SJO202406041542000004150828557,7635,0,395
SJO202406041542000004150828558,2952,0,892
SJO202406041542000004150828559,9514,0,294
SJO202406041542000004150828560,65,0,48
SJO202406041542000004150828561,725,0,368
SJO202406041542000004150828562,5647,0,189
SJO202406041542000004150828563,5354,0,81
SJO202406041542000004150828564,5516,0,236
SJO202406041542000004150828565,9707,0,353
SJO202406041542000004150828566,7009,0,561
SJO202406041542000004150828567,1279,0,245
SJO202406041542000004150828568,6877,0,512
SJO202406041542000004150828569,9376,0,830
SJO202406041542000004150828570,2428,0,810
SJO202406041542000004150828571,2504,0,578
SJO202406041542000004150828572,4954,0,964
SJO202406041542000004150828573,4095,0,738
SJO202406041542000004150828574,1371,0,775
SJO202406041542000004150828575,4837,0,90
SJO202406041542000004150828576,8333,0,306
SJO202406041542000004150828577,4811,0,357
SJO202406041542000004150828578,700,0,945
SJO202406041542000004150828579,1854,0,908
SJO202406041542000004150828580,1646,0,905
SJO202406041542000004150828581,9446,0,555
SJO202406041542000004150828582,698,0,52
SJO202406041542000004150828583,4847,0,548
SJO202406041542000004150828584,4064,0,758
SJO202406041542000004150828585,8748,0,978
SJO202406041542000004150828586,4917,0,878
SJO202406041542000004150828587,7935,0,916
SJO202406041542000004150828588,1530,0,431
SJO202406041542000004150828589,2503,0,847
SJO202406041542000004150828590,9401,0,80
SJO202406041542000004150828591,4782,0,362
SJO202406041542000004150828592,4157,0,218
SJO202406041542000004150828593,6282,0,49
SJO202406041542000004150828594,8808,0,37
SJO202406041542000004150828595,5315,0,958
SJO202406041542000004150828596,4545,0,896
SJO202406041542000004150828597,4522,0,31
SJO202406041542000004150828598,2070,0,141
SJO202406041542000004150828599,8946,0,785
SJO202406041542000004150828600,8173,0,502
SJO202406041542000004150828601,316,0,637
SJO202406041542000004150828602,1789,0,867
SJO202406041542000004150828603,4068,0,833
SJO202406041542000004150828604,8787,0,12
SJO202406041542000004150828605,7390,0,424
SJO202406041542000004150828606,708,0,115
SJO202406041542000004150828607,8138,0,620
SJO202406041542000004150828608,8222,0,970
SJO202406041542000004150828609,5972,0,213
SJO202406041542000004150828610,5717,0,404
SJO202406041542000004150828611,9572,0,9
SJO202406041542000004150828612,4906,0,433
SJO202406041542000004150828613,6782,0,348
SJO202406041542000004150828614,5269,0,717
SJO202406041542000004150828615,517,0,564
SJO202406041542000004150828616,512,0,910
SJO202406041542000004150828617,692,0,294
SJO202406041542000004150828618,3929,0,878
SJO202406041542000004150828619,2648,0,892
SJO202406041542000004150828620,8354,0,727
SJO202406041542000004150828621,1454,0,624
SJO202406041542000004150828622,1979,0,246
SJO202406041542000004150828623,6571,0,129
SJO202406041542000004150828624,8682,0,850
SJO202406041542000004150828625,5245,0,428
SJO202406041542000004150828626,8825,0,265
SJO202406041542000004150828627,1264,0,983
SJO202406041542000004150828628,9188,0,246
SJO202406041542000004150828629,7864,0,45
SJO202406041542000004150828630,6052,0,700
SJO202406041542000004150828631,66,0,308
SJO202406041542000004150828632,2103,0,836
SJO202406041542000004150828633,8907,0,508
SJO202406041542000004150828634,7398,0,246
SJO202406041542000004150828635,2835,0,798
SJO202406041542000004150828636,6662,0,96
SJO202406041542000004150828637,4671,0,699
SJO202406041542000004150828638,6465,0,198
SJO202406041542000004150828639,4792,0,397
SJO202406041542000004150828640,301,0,121
SJO202406041542000004150828641,1848,0,174
SJO202406041542000004150828642,7089,0,441
SJO202406041542000004150828643,7912,0,813
SJO202406041542000004150828644,6343,0,514
SJO202406041542000004150828645,2250,0,450
SJO202406041542000004150828646,7293,0,266
SJO202406041542000004150828647,1170,0,227
SJO202406041542000004150828648,510,0,791
SJO202406041542000004150828649,9237,0,532
SJO202406041542000004150828650,5020,0,415
SJO202406041542000004150828651,1368,0,915
SJO202406041542000004150828652,7665,0,8
SJO202406041542000004150828653,1909,0,255
SJO202406041542000004150828654,5326,0,65
SJO202406041542000004150828655,6104,0,182
SJO202406041542000004150828656,8759,0,519
SJO202406041542000004150828657,799,0,538
SJO202406041542000004150828658,3518,0,90
SJO202406041542000004150828659,969,0,540
SJO202406041542000004150828660,6834,0,961
SJO202406041542000004150828661,5997,0,930
SJO202406041542000004150828662,9806,0,448
SJO202406041542000004150828663,4988,0,482
SJO202406041542000004150828664,958,0,401
SJO202406041542000004150828665,9634,0,229
SJO202406041542000004150828666,764,0,663
SJO202406041542000004150828667,5259,0,223
SJO202406041542000004150828668,831,0,772
SJO202406041542000004150828669,4140,0,654
SJO202406041542000004150828670,4542,0,353
SJO202406041542000004150828671,4324,0,523
SJO202406041542000004150828672,8325,0,228
SJO202406041542000004150828673,7733,0,407
SJO202406041542000004150828674,9491,0,252
SJO202406041542000004150828675,626,0,801
SJO202406041542000004150828676,6309,0,661
SJO202406041542000004150828677,496,0,864
SJO202406041542000004150828678,1909,0,990
SJO202406041542000004150828679,6984,0,258
SJO202406041542000004150828680,4526,0,187
SJO202406041542000004150828681,4697,0,949
SJO202406041542000004150828682,4730,0,178
SJO202406041542000004150828683,2516,0,998
SJO202406041542000004150828684,7919,0,456
SJO202406041542000004150828685,1961,0,198
SJO202406041542000004150828686,5464,0,705
SJO202406041542000004150828687,1232,0,95
SJO202406041542000004150828688,6249,0,168
SJO202406041542000004150828689,9041,0,971
SJO202406041542000004150828690,1286,0,229
SJO202406041542000004150828691,2199,0,271
SJO202406041542000004150828692,4248,0,997
SJO202406041542000004150828693,4717,0,413
SJO202406041542000004150828694,7749,0,467
SJO202406041542000004150828695,2696,0,260
SJO202406041542000004150828696,6719,0,691
SJO202406041542000004150828697,1675,0,600
SJO202406041542000004150828698,3943,0,17
SJO202406041542000004150828699,1375,0,637
SJO202406041542000004150828700,6191,0,257
SJO202406041542000004150828701,368,0,370
SJO202406041542000004150828702,3817,0,996
SJO202406041542000004150828703,1825,0,755
SJO202406041542000004150828704,5912,0,751
SJO202406041542000004150828705,5048,0,619
SJO202406041542000004150828706,8319,0,210
SJO202406041542000004150828707,7461,0,75
SJO202406041542000004150828708,5353,0,490
SJO202406041542000004150828709,7677,0,596
SJO202406041542000004150828710,8587,0,700
SJO202406041542000004150828711,2219,0,961
SJO202406041542000004150828712,3560,0,944
SJO202406041542000004150828713,1914,0,362
SJO202406041542000004150828714,1723,0,489
SJO202406041542000004150828715,3929,0,951
SJO202406041542000004150828716,5837,0,611
SJO202406041542000004150828717,3030,0,312
SJO202406041542000004150828718,9427,0,993
SJO202406041542000004150828719,3014,0,896
SJO202406041542000004150828720,196,0,920
SJO202406041542000004150828721,3809,0,641
SJO202406041542000004150828722,370,0,918
SJO202406041542000004150828723,5915,0,822
SJO202406041542000004150828724,1957,0,638
SJO202406041542000004150828725,7380,0,29
SJO202406041542000004150828726,346,0,101
SJO202406041542000004150828727,3887,0,281
SJO202406041542000004150828728,6686,0,564
SJO202406041542000004150828729,3071,0,77
SJO202406041542000004150828730,700,0,279
SJO202406041542000004150828731,1160,0,859
SJO202406041542000004150828732,8394,0,740
SJO202406041542000004150828733,2921,0,679
SJO202406041542000004150828734,9635,0,556
SJO202406041542000004150828735,7017,0,6
SJO202406041542000004150828736,6182,0,186
SJO202406041542000004150828737,4874,0,415
SJO202406041542000004150828738,2368,0,715
SJO202406041542000004150828739,2085,0,92
SJO202406041542000004150828740,5213,0,366
SJO202406041542000004150828741,1638,0,656
SJO202406041542000004150828742,2511,0,564
SJO202406041542000004150828743,8072,0,237
SJO202406041542000004150828744,9986,0,141
SJO202406041542000004150828745,6425,0,557
SJO202406041542000004150828746,9690,0,724
SJO202406041542000004150828747,7672,0,305
SJO202406041542000004150828748,7583,0,847
SJO202406041542000004150828749,8685,0,788
SJO202406041542000004150828750,1182,0,482
SJO202406041542000004150828751,8323,0,702
SJO202406041542000004150828752,7121,0,923
SJO202406041542000004150828753,6484,0,163
SJO202406041542000004150828754,4204,0,618
SJO202406041542000004150828755,8254,0,169
SJO202406041542000004150828756,3001,0,554
SJO202406041542000004150828757,4510,0,31
SJO202406041542000004150828758,4458,0,962
SJO202406041542000004150828759,7312,0,194
SJO202406041542000004150828760,6276,0,228
SJO202406041542000004150828761,8857,0,71
SJO202406041542000004150828762,8424,0,147
SJO202406041542000004150828763,1811,0,654
SJO202406041542000004150828764,6954,0,414
SJO202406041542000004150828765,7361,0,347
SJO202406041542000004150828766,5222,0,883
SJO202406041542000004150828767,7746,0,671
SJO202406041542000004150828768,7923,0,54
SJO202406041542000004150828769,3587,0,341
SJO202406041542000004150828770,1204,0,210
SJO202406041542000004150828771,6341,0,878
SJO202406041542000004150828772,8228,0,234
SJO202406041542000004150828773,2797,0,792
SJO202406041542000004150828774,2884,0,275
SJO202406041542000004150828775,8112,0,500
SJO202406041542000004150828776,7399,0,983
SJO202406041542000004150828777,4816,0,234
SJO202406041542000004150828778,8452,0,70
SJO202406041542000004150828779,6904,0,854
SJO202406041542000004150828780,9011,0,284
SJO202406041542000004150828781,5239,0,888
SJO202406041542000004150828782,8472,0,581
SJO202406041542000004150828783,5702,0,596
SJO202406041542000004150828784,9741,0,704
SJO202406041542000004150828785,4240,0,171
SJO202406041542000004150828786,1632,0,270
SJO202406041542000004150828787,9462,0,893
SJO202406041542000004150828788,98,0,707
SJO202406041542000004150828789,4402,0,81
SJO202406041542000004150828790,3484,0,765
SJO202406041542000004150828791,374,0,873
SJO202406041542000004150828792,7249,0,283
SJO202406041542000004150828793,1104,0,994
SJO202406041542000004150828794,7534,0,141
SJO202406041542000004150828795,2549,0,495
SJO202406041542000004150828796,6556,0,638
SJO202406041542000004150828797,3947,0,426
SJO202406041542000004150828798,3776,0,273
SJO202406041542000004150828799,7760,0,255
SJO202406041542000004150828800,6873,0,155
SJO202406041542000004150828801,5319,0,975
SJO202406041542000004150828802,503,0,141
SJO202406041542000004150828803,7677,0,251
SJO202406041542000004150828804,4823,0,828
SJO202406041542000004150828805,4400,0,675
SJO202406041542000004150828806,9963,0,288
SJO202406041542000004150828807,8410,0,401
SJO202406041542000004150828808,1005,0,905
SJO202406041542000004150828809,3230,0,962
SJO202406041542000004150828810,3267,0,77
SJO202406041542000004150828811,78,0,400
SJO202406041542000004150828812,3311,0,893
SJO202406041542000004150828813,3616,0,868
SJO202406041542000004150828814,2094,0,104
SJO202406041542000004150828815,1868,0,526
SJO202406041542000004150828816,2261,0,379
SJO202406041542000004150828817,9751,0,604
SJO202406041542000004150828818,3106,0,386
SJO202406041542000004150828819,3140,0,812
SJO202406041542000004150828820,8961,0,551
SJO202406041542000004150828821,1861,0,227
SJO202406041542000004150828822,7313,0,740
SJO202406041542000004150828823,5484,0,628
SJO202406041542000004150828824,8513,0,107
SJO202406041542000004150828825,1448,0,145
SJO202406041542000004150828826,398,0,47
SJO202406041542000004150828827,3386,0,819
SJO202406041542000004150828828,3809,0,83
SJO202406041542000004150828829,2632,0,51
SJO202406041542000004150828830,6094,0,521
SJO202406041542000004150828831,6194,0,236
SJO202406041542000004150828832,9816,0,868
SJO202406041542000004150828833,5585,0,281
SJO202406041542000004150828834,47,0,297
SJO202406041542000004150828835,7497,0,932
SJO202406041542000004150828836,6513,0,50
SJO202406041542000004150828837,7873,0,492
SJO202406041542000004150828838,4393,0,762
SJO202406041542000004150828839,3611,0,194
SJO202406041542000004150828840,5794,0,396
SJO202406041542000004150828841,5091,0,719
SJO202406041542000004150828842,3198,0,254
SJO202406041542000004150828843,7512,0,378
SJO202406041542000004150828844,7009,0,825
SJO202406041542000004150828845,1719,0,81
SJO202406041542000004150828846,2774,0,220
SJO202406041542000004150828847,8204,0,406
SJO202406041542000004150828848,7292,0,450
SJO202406041542000004150828849,7641,0,247
SJO202406041542000004150828850,3468,0,545
SJO202406041542000004150828851,8183,0,503
SJO202406041542000004150828852,677,0,774
SJO202406041542000004150828853,278,0,558
SJO202406041542000004150828854,590,0,286
SJO202406041542000004150828855,2525,0,816
SJO202406041542000004150828856,7567,0,532
SJO202406041542000004150828857,5185,0,83
SJO202406041542000004150828858,4985,0,800
SJO202406041542000004150828859,6738,0,46
SJO202406041542000004150828860,7640,0,384
SJO202406041542000004150828861,8706,0,993
SJO202406041542000004150828862,9070,0,674
SJO202406041542000004150828863,9001,0,586
SJO202406041542000004150828864,3978,0,782
SJO202406041542000004150828865,223,0,51
SJO202406041542000004150828866,5754,0,252
SJO202406041542000004150828867,8703,0,467
SJO202406041542000004150828868,2444,0,90
SJO202406041542000004150828869,1925,0,391
SJO202406041542000004150828870,8774,0,938
SJO202406041542000004150828871,5532,0,577
SJO202406041542000004150828872,6498,0,969
SJO202406041542000004150828873,4371,0,687
SJO202406041542000004150828874,4605,0,916
SJO202406041542000004150828875,2743,0,196
SJO202406041542000004150828876,2630,0,469
SJO202406041542000004150828877,5096,0,930
SJO202406041542000004150828878,98,0,149
SJO202406041542000004150828879,6208,0,623
SJO202406041542000004150828880,9071,0,193
SJO202406041542000004150828881,8055,0,612
SJO202406041542000004150828882,8222,0,87
SJO202406041542000004150828883,6245,0,818
SJO202406041542000004150828884,6973,0,371
SJO202406041542000004150828885,7778,0,778
SJO202406041542000004150828886,4694,0,106
SJO202406041542000004150828887,2076,0,597
SJO202406041542000004150828888,5934,0,832
SJO202406041542000004150828889,4878,0,171
SJO202406041542000004150828890,4416,0,334
SJO202406041542000004150828891,9437,0,937
SJO202406041542000004150828892,2534,0,648
SJO202406041542000004150828893,9049,0,756
SJO202406041542000004150828894,9660,0,571
SJO202406041542000004150828895,1214,0,493
SJO202406041542000004150828896,7276,0,646
SJO202406041542000004150828897,3236,0,168
SJO202406041542000004150828898,9017,0,708
SJO202406041542000004150828899,6276,0,159
SJO202406041542000004150828900,5784,0,799
SJO202406041542000004150828901,5266,0,769
SJO202406041542000004150828902,6091,0,143
SJO202406041542000004150828903,3342,0,280
SJO202406041542000004150828904,6217,0,168
SJO202406041542000004150828905,597,0,393
SJO202406041542000004150828906,6915,0,952
SJO202406041542000004150828907,7847,0,981
SJO202406041542000004150828908,2196,0,220
SJO202406041542000004150828909,935,0,368
SJO202406041542000004150828910,5302,0,994
SJO202406041542000004150828911,1200,0,710
SJO202406041542000004150828912,7147,0,157
SJO202406041542000004150828913,4619,0,163
SJO202406041542000004150828914,1735,0,421
SJO202406041542000004150828915,3062,0,96
SJO202406041542000004150828916,7433,0,422
SJO202406041542000004150828917,8103,0,690
SJO202406041542000004150828918,8024,0,247
SJO202406041542000004150828919,2074,0,708
SJO202406041542000004150828920,6360,0,112
SJO202406041542000004150828921,2828,0,750
SJO202406041542000004150828922,5330,0,130
SJO202406041542000004150828923,4745,0,619
SJO202406041542000004150828924,203,0,286
SJO202406041542000004150828925,8954,0,12
SJO202406041542000004150828926,888,0,755
SJO202406041542000004150828927,6011,0,55
SJO202406041542000004150828928,4023,0,793
SJO202406041542000004150828929,8403,0,571
SJO202406041542000004150828930,5373,0,117
SJO202406041542000004150828931,7335,0,537
SJO202406041542000004150828932,4854,0,592
SJO202406041542000004150828933,214,0,121
SJO202406041542000004150828934,4098,0,948
SJO202406041542000004150828935,887,0,177
SJO202406041542000004150828936,7525,0,863
SJO202406041542000004150828937,5236,0,935
SJO202406041542000004150828938,9876,0,666
SJO202406041542000004150828939,1721,0,408
SJO202406041542000004150828940,2780,0,925
SJO202406041542000004150828941,9596,0,352
SJO202406041542000004150828942,9525,0,110
SJO202406041542000004150828943,6233,0,978
SJO202406041542000004150828944,8349,0,341
SJO202406041542000004150828945,973,0,385
SJO202406041542000004150828946,6224,0,832
SJO202406041542000004150828947,1849,0,643
SJO202406041542000004150828948,7762,0,397
SJO202406041542000004150828949,2881,0,264
SJO202406041542000004150828950,6855,0,60
SJO202406041542000004150828951,9043,0,886
SJO202406041542000004150828952,3450,0,63
SJO202406041542000004150828953,1182,0,188
SJO202406041542000004150828954,4616,0,848
SJO202406041542000004150828955,7058,0,777
SJO202406041542000004150828956,9446,0,580
SJO202406041542000004150828957,108,0,125
SJO202406041542000004150828958,1220,0,571
SJO202406041542000004150828959,2645,0,582
SJO202406041542000004150828960,4238,0,950
SJO202406041542000004150828961,2469,0,741
SJO202406041542000004150828962,70,0,170
SJO202406041542000004150828963,3743,0,698
SJO202406041542000004150828964,5192,0,709
SJO202406041542000004150828965,4650,0,9
SJO202406041542000004150828966,1912,0,699
SJO202406041542000004150828967,5026,0,640
SJO202406041542000004150828968,839,0,635
SJO202406041542000004150828969,7860,0,515
SJO202406041542000004150828970,781,0,152
SJO202406041542000004150828971,2795,0,821
SJO202406041542000004150828972,9033,0,337
SJO202406041542000004150828973,5758,0,41
SJO202406041542000004150828974,3250,0,733
SJO202406041542000004150828975,4858,0,571
SJO202406041542000004150828976,1539,0,446
SJO202406041542000004150828977,7042,0,656
SJO202406041542000004150828978,4178,0,626
SJO202406041542000004150828979,849,0,115
SJO202406041542000004150828980,2678,0,293
SJO202406041542000004150828981,5956,0,535
SJO202406041542000004150828982,9712,0,199
SJO202406041542000004150828983,9914,0,941
SJO202406041542000004150828984,7148,0,550
SJO202406041542000004150828985,1378,0,125
SJO202406041542000004150828986,3841,0,425
SJO202406041542000004150828987,9677,0,856
SJO202406041542000004150828988,7784,0,827
SJO202406041542000004150828989,6085,0,774
SJO202406041542000004150828990,9102,0,410
SJO202406041542000004150828991,5851,0,179
SJO202406041542000004150828992,5447,0,561
SJO202406041542000004150828993,5159,0,463
SJO202406041542000004150828994,3475,0,262
SJO202406041542000004150828995,6,0,31
SJO202406041542000004150828996,9350,0,448
SJO202406041542000004150828997,1576,0,256
SJO202406041542000004150828998,4945,0,512
SJO202406041542000004150828999,1558,0,401
SJO202406041542000004150829000,6409,0,286
SJO202406041542000004150829001,1467,0,345
SJO202406041542000004150829002,8638,0,676
SJO202406041542000004150829003,3584,0,588
SJO202406041542000004150829004,4143,0,406
SJO202406041542000004150829005,9945,0,944
SJO202406041542000004150829006,6662,0,323
SJO202406041542000004150829007,2873,0,250
SJO202406041542000004150829008,57,0,729
SJO202406041542000004150829009,6075,0,84
SJO202406041542000004150829010,6725,0,711
SJO202406041542000004150829011,3011,0,365
SJO202406041542000004150829012,7931,0,328
SJO202406041542000004150829013,7603,0,644
SJO202406041542000004150829014,9615,0,57
SJO202406041542000004150829015,4509,0,590
SJO202406041542000004150829016,8108,0,392
SJO202406041542000004150829017,7674,0,41
SJO202406041542000004150829018,7520,0,71
SJO202406041542000004150829019,5557,0,864
SJO202406041542000004150829020,2098,0,543
SJO202406041542000004150829021,2211,0,986
SJO202406041542000004150829022,6409,0,530
SJO202406041542000004150829023,3633,0,151
SJO202406041542000004150829024,2972,0,454
SJO202406041542000004150829025,2871,0,8
SJO202406041542000004150829026,7564,0,516
SJO202406041542000004150829027,6913,0,282
SJO202406041542000004150829028,755,0,576
SJO202406041542000004150829029,2471,0,673
SJO202406041542000004150829030,6667,0,893
SJO202406041542000004150829031,5335,0,42
SJO202406041542000004150829032,7243,0,276
SJO202406041542000004150829033,4342,0,894
SJO202406041542000004150829034,3335,0,679
SJO202406041542000004150829035,68,0,146
SJO202406041542000004150829036,7388,0,797
SJO202406041542000004150829037,3181,0,535
SJO202406041542000004150829038,4751,0,421
SJO202406041542000004150829039,7153,0,123
SJO202406041542000004150829040,746,0,32
SJO202406041542000004150829041,8905,0,235
SJO202406041542000004150829042,7666,0,136
SJO202406041542000004150829043,8694,0,606
SJO202406041542000004150829044,9795,0,624
SJO202406041542000004150829045,6240,0,901
SJO202406041542000004150829046,4106,0,722
SJO202406041542000004150829047,1469,0,49
SJO202406041542000004150829048,3050,0,147
SJO202406041542000004150829049,3626,0,475
SJO202406041542000004150829050,7044,0,245
SJO202406041542000004150829051,7875,0,589
SJO202406041542000004150829052,4972,0,708
SJO202406041542000004150829053,2798,0,504
SJO202406041542000004150829054,7558,0,197
SJO202406041542000004150829055,9884,0,600
SJO202406041542000004150829056,3769,0,349
SJO202406041542000004150829057,1707,0,368
SJO202406041542000004150829058,8629,0,866
SJO202406041542000004150829059,6783,0,394
SJO202406041542000004150829060,5425,0,189
SJO202406041542000004150829061,4338,0,104
SJO202406041542000004150829062,5309,0,148
SJO202406041542000004150829063,5315,0,495
SJO202406041542000004150829064,9081,0,857
SJO202406041542000004150829065,434,0,5
SJO202406041542000004150829066,8537,0,821
SJO202406041542000004150829067,5617,0,485
SJO202406041542000004150829068,1747,0,433
SJO202406041542000004150829069,3189,0,450
SJO202406041542000004150829070,5194,0,838
SJO202406041542000004150829071,5041,0,786
SJO202406041542000004150829072,5516,0,405
SJO202406041542000004150829073,6581,0,959
SJO202406041542000004150829074,6428,0,849
SJO202406041542000004150829075,9002,0,85
SJO202406041542000004150829076,5072,0,231
SJO202406041542000004150829077,2185,0,93
SJO202406041542000004150829078,2574,0,111
SJO202406041542000004150829079,6486,0,996
SJO202406041542000004150829080,6675,0,35
SJO202406041542000004150829081,7145,0,310
SJO202406041542000004150829082,6238,0,561
SJO202406041542000004150829083,5091,0,780
SJO202406041542000004150829084,726,0,355
SJO202406041542000004150829085,6915,0,72
SJO202406041542000004150829086,6935,0,807
SJO202406041542000004150829087,5480,0,69
SJO202406041542000004150829088,8761,0,876
SJO202406041542000004150829089,5051,0,802
SJO202406041542000004150829090,6393,0,181
SJO202406041542000004150829091,1923,0,163
SJO202406041542000004150829092,5561,0,699
SJO202406041542000004150829093,4726,0,925
SJO202406041542000004150829094,824,0,689
SJO202406041542000004150829095,9921,0,775
SJO202406041542000004150829096,5749,0,979
SJO202406041542000004150829097,1609,0,119
SJO202406041542000004150829098,8000,0,321
SJO202406041542000004150829099,869,0,789
SJO202406041542000004150829100,2866,0,719
SJO202406041542000004150829101,4279,0,738
SJO202406041542000004150829102,7524,0,424
SJO202406041542000004150829103,1849,0,532
SJO202406041542000004150829104,1389,0,932
SJO202406041542000004150829105,1691,0,131
SJO202406041542000004150829106,7500,0,976
SJO202406041542000004150829107,2802,0,976
SJO202406041542000004150829108,1346,0,971
SJO202406041542000004150829109,7213,0,868
SJO202406041542000004150829110,3973,0,949
SJO202406041542000004150829111,5112,0,799
SJO202406041542000004150829112,1250,0,834
SJO202406041542000004150829113,4173,0,1000
SJO202406041542000004150829114,7104,0,124
SJO202406041542000004150829115,3724,0,711
SJO202406041542000004150829116,7204,0,344
SJO202406041542000004150829117,9238,0,463
SJO202406041542000004150829118,7373,0,511
SJO202406041542000004150829119,3261,0,806
SJO202406041542000004150829120,9421,0,972
SJO202406041542000004150829121,9446,0,783
SJO202406041542000004150829122,8051,0,991
SJO202406041542000004150829123,3014,0,595
SJO202406041542000004150829124,985,0,713
SJO202406041542000004150829125,2274,0,549
SJO202406041542000004150829126,7104,0,358
SJO202406041542000004150829127,3952,0,355
SJO202406041542000004150829128,5696,0,74
SJO202406041542000004150829129,5556,0,69
SJO202406041542000004150829130,1025,0,71
SJO202406041542000004150829131,7671,0,540
SJO202406041542000004150829132,3599,0,317
SJO202406041542000004150829133,1028,0,150
SJO202406041542000004150829134,3317,0,785
SJO202406041542000004150829135,8079,0,160
SJO202406041542000004150829136,4705,0,383
SJO202406041542000004150829137,2129,0,358
SJO202406041542000004150829138,824,0,985
SJO202406041542000004150829139,9079,0,485
SJO202406041542000004150829140,4595,0,468
SJO202406041542000004150829141,7301,0,462
SJO202406041542000004150829142,6703,0,769
SJO202406041542000004150829143,2263,0,795
SJO202406041542000004150829144,170,0,966
SJO202406041542000004150829145,4010,0,802
SJO202406041542000004150829146,8463,0,689
SJO202406041542000004150829147,2706,0,793
SJO202406041542000004150829148,2396,0,995
SJO202406041542000004150829149,4902,0,123
SJO202406041542000004150829150,9151,0,108
SJO202406041542000004150829151,1408,0,848
SJO202406041542000004150829152,8624,0,266
SJO202406041542000004150829153,259,0,882
SJO202406041542000004150829154,8377,0,406
SJO202406041542000004150829155,5198,0,501
SJO202406041542000004150829156,3407,0,598
SJO202406041542000004150829157,4834,0,185
SJO202406041542000004150829158,958,0,916
SJO202406041542000004150829159,8367,0,289
SJO202406041542000004150829160,3696,0,510
SJO202406041542000004150829161,2736,0,816
SJO202406041542000004150829162,3983,0,896
SJO202406041542000004150829163,7338,0,933
SJO202406041542000004150829164,5784,0,401
SJO202406041542000004150829165,3991,0,171
SJO202406041542000004150829166,4624,0,667
SJO202406041542000004150829167,6129,0,219
SJO202406041542000004150829168,9202,0,344
SJO202406041542000004150829169,1570,0,869
SJO202406041542000004150829170,8373,0,592
SJO202406041542000004150829171,2320,0,594
SJO202406041542000004150829172,172,0,14
SJO202406041542000004150829173,2971,0,323
SJO202406041542000004150829174,7355,0,30
SJO202406041542000004150829175,4448,0,21
SJO202406041542000004150829176,9690,0,202
SJO202406041542000004150829177,6171,0,56
SJO202406041542000004150829178,6414,0,57
SJO202406041542000004150829179,5217,0,71
SJO202406041542000004150829180,1818,0,946
SJO202406041542000004150829181,8102,0,665
SJO202406041542000004150829182,5292,0,191
SJO202406041542000004150829183,8980,0,112
SJO202406041542000004150829184,1395,0,808
SJO202406041542000004150829185,2902,0,247
SJO202406041542000004150829186,5919,0,693
SJO202406041542000004150829187,9092,0,351
SJO202406041542000004150829188,835,0,128
SJO202406041542000004150829189,9352,0,347
SJO202406041542000004150829190,677,0,686
SJO202406041542000004150829191,1682,0,480
SJO202406041542000004150829192,5134,0,810
SJO202406041542000004150829193,3477,0,346
SJO202406041542000004150829194,5416,0,735
SJO202406041542000004150829195,5655,0,552
SJO202406041542000004150829196,1323,0,33
SJO202406041542000004150829197,7225,0,483
SJO202406041542000004150829198,5523,0,837
SJO202406041542000004150829199,9840,0,16
SJO202406041542000004150829200,6372,0,681
SJO202406041542000004150829201,4625,0,315
SJO202406041542000004150829202,1166,0,279
SJO202406041542000004150829203,4815,0,51
SJO202406041542000004150829204,9484,0,442
SJO202406041542000004150829205,372,0,960
SJO202406041542000004150829206,3856,0,35
SJO202406041542000004150829207,7698,0,118
SJO202406041542000004150829208,6937,0,26
SJO202406041542000004150829209,7986,0,488
SJO202406041542000004150829210,1490,0,26
SJO202406041542000004150829211,1096,0,144
SJO202406041542000004150829212,8602,0,466
SJO202406041542000004150829213,905,0,481
SJO202406041542000004150829214,8991,0,451
SJO202406041542000004150829215,5483,0,491
SJO202406041542000004150829216,1508,0,827
SJO202406041542000004150829217,7381,0,334
SJO202406041542000004150829218,2588,0,851
SJO202406041542000004150829219,8828,0,585
SJO202406041542000004150829220,8313,0,50
SJO202406041542000004150829221,9966,0,816
SJO202406041542000004150829222,67,0,856
SJO202406041542000004150829223,4145,0,384
SJO202406041542000004150829224,2991,0,34
SJO202406041542000004150829225,5880,0,89
SJO202406041542000004150829226,9292,0,668
SJO202406041542000004150829227,7556,0,563
SJO202406041542000004150829228,4473,0,622
SJO202406041542000004150829229,9467,0,246
SJO202406041542000004150829230,596,0,447
SJO202406041542000004150829231,5316,0,776
SJO202406041542000004150829232,7776,0,948
SJO202406041542000004150829233,3304,0,322
SJO202406041542000004150829234,7560,0,266
SJO202406041542000004150829235,7023,0,707
SJO202406041542000004150829236,5830,0,869
SJO202406041542000004150829237,5845,0,421
SJO202406041542000004150829238,8737,0,928
SJO202406041542000004150829239,8798,0,93
SJO202406041542000004150829240,9318,0,448
SJO202406041542000004150829241,4865,0,55
SJO202406041542000004150829242,1047,0,817
SJO202406041542000004150829243,3449,0,385
SJO202406041542000004150829244,8406,0,748
SJO202406041542000004150829245,2812,0,257
SJO202406041542000004150829246,9776,0,906
SJO202406041542000004150829247,2964,0,30
SJO202406041542000004150829248,648,0,906
SJO202406041542000004150829249,7713,0,621
SJO202406041542000004150829250,8137,0,593
SJO202406041542000004150829251,8173,0,230
SJO202406041542000004150829252,604,0,913
SJO202406041542000004150829253,302,0,924
SJO202406041542000004150829254,7689,0,983
SJO202406041542000004150829255,1491,0,957
SJO202406041542000004150829256,8897,0,751
SJO202406041542000004150829257,3948,0,370
SJO202406041542000004150829258,7022,0,383
SJO202406041542000004150829259,420,0,70
SJO202406041542000004150829260,3399,0,307
SJO202406041542000004150829261,92,0,153
SJO202406041542000004150829262,2720,0,71
SJO202406041542000004150829263,2657,0,84
SJO202406041542000004150829264,6128,0,958
SJO202406041542000004150829265,9115,0,775
SJO202406041542000004150829266,8586,0,549
SJO202406041542000004150829267,434,0,304
SJO202406041542000004150829268,5010,0,60
SJO202406041542000004150829269,951,0,989
SJO202406041542000004150829270,9338,0,444
SJO202406041542000004150829271,9937,0,429
SJO202406041542000004150829272,8700,0,578
SJO202406041542000004150829273,8885,0,494
SJO202406041542000004150829274,9198,0,390
SJO202406041542000004150829275,1609,0,489
SJO202406041542000004150829276,3982,0,207
SJO202406041542000004150829277,2217,0,372
SJO202406041542000004150829278,3694,0,555
SJO202406041542000004150829279,4527,0,171
SJO202406041542000004150829280,3563,0,618
SJO202406041542000004150829281,5730,0,633
SJO202406041542000004150829282,4555,0,949
SJO202406041542000004150829283,2010,0,307
SJO202406041542000004150829284,8373,0,898
SJO202406041542000004150829285,4309,0,847
SJO202406041542000004150829286,4972,0,172
SJO202406041542000004150829287,7884,0,265
SJO202406041542000004150829288,2067,0,147
SJO202406041542000004150829289,1058,0,282
SJO202406041542000004150829290,7112,0,62
SJO202406041542000004150829291,5750,0,540
SJO202406041542000004150829292,5323,0,414
SJO202406041542000004150829293,3272,0,919
SJO202406041542000004150829294,9439,0,671
SJO202406041542000004150829295,860,0,764
SJO202406041542000004150829296,9620,0,112
SJO202406041542000004150829297,5726,0,443
SJO202406041542000004150829298,9409,0,922
SJO202406041542000004150829299,7181,0,240
SJO202406041542000004150829300,3951,0,950
SJO202406041542000004150829301,9431,0,607
SJO202406041542000004150829302,8365,0,408
SJO202406041542000004150829303,9895,0,229
SJO202406041542000004150829304,1352,0,70
SJO202406041542000004150829305,614,0,478
SJO202406041542000004150829306,5172,0,562
SJO202406041542000004150829307,3583,0,79
SJO202406041542000004150829308,5199,0,253
SJO202406041542000004150829309,9086,0,888
SJO202406041542000004150829310,8020,0,87
SJO202406041542000004150829311,3681,0,615
SJO202406041542000004150829312,3652,0,650
SJO202406041542000004150829313,4399,0,584
SJO202406041542000004150829314,4048,0,424
SJO202406041542000004150829315,9613,0,509
SJO202406041542000004150829316,358,0,386
SJO202406041542000004150829317,4559,0,138
SJO202406041542000004150829318,1875,0,47
SJO202406041542000004150829319,5727,0,164
SJO202406041542000004150829320,9238,0,423
SJO202406041542000004150829321,5564,0,371
SJO202406041542000004150829322,4068,0,317
SJO202406041542000004150829323,6922,0,763
SJO202406041542000004150829324,8441,0,451
SJO202406041542000004150829325,8483,0,264
SJO202406041542000004150829326,2665,0,539
SJO202406041542000004150829327,6647,0,313
SJO202406041542000004150829328,1106,0,288
SJO202406041542000004150829329,9810,0,152
SJO202406041542000004150829330,5349,0,436
SJO202406041542000004150829331,6578,0,226
SJO202406041542000004150829332,937,0,661
SJO202406041542000004150829333,524,0,883
SJO202406041542000004150829334,1704,0,555
SJO202406041542000004150829335,272,0,660
SJO202406041542000004150829336,1152,0,991
SJO202406041542000004150829337,3061,0,132
SJO202406041542000004150829338,6516,0,885
SJO202406041542000004150829339,4325,0,496
SJO202406041542000004150829340,5118,0,638
SJO202406041542000004150829341,7453,0,449
SJO202406041542000004150829342,6781,0,862
SJO202406041542000004150829343,9147,0,186
SJO202406041542000004150829344,1950,0,469
SJO202406041542000004150829345,1329,0,560
SJO202406041542000004150829346,3633,0,573
SJO202406041542000004150829347,617,0,595
SJO202406041542000004150829348,5027,0,6
SJO202406041542000004150829349,9171,0,64
SJO202406041542000004150829350,1316,0,683
SJO202406041542000004150829351,5788,0,518
SJO202406041542000004150829352,6103,0,759
SJO202406041542000004150829353,1511,0,650
SJO202406041542000004150829354,8914,0,759
SJO202406041542000004150829355,401,0,882
SJO202406041542000004150829356,1083,0,1000
SJO202406041542000004150829357,1047,0,57
SJO202406041542000004150829358,5574,0,609
SJO202406041542000004150829359,2043,0,745
SJO202406041542000004150829360,5921,0,934
SJO202406041542000004150829361,2261,0,936
SJO202406041542000004150829362,3426,0,797
SJO202406041542000004150829363,1873,0,308
SJO202406041542000004150829364,2941,0,694
SJO202406041542000004150829365,8284,0,462
SJO202406041542000004150829366,1197,0,645
SJO202406041542000004150829367,5589,0,565
SJO202406041542000004150829368,3706,0,504
SJO202406041542000004150829369,3281,0,120
SJO202406041542000004150829370,6153,0,573
SJO202406041542000004150829371,1165,0,653
SJO202406041542000004150829372,2361,0,979
SJO202406041542000004150829373,4787,0,902
SJO202406041542000004150829374,954,0,558
SJO202406041542000004150829375,5555,0,598
SJO202406041542000004150829376,4072,0,273
SJO202406041542000004150829377,9224,0,518
SJO202406041542000004150829378,6983,0,481
SJO202406041542000004150829379,3987,0,266
SJO202406041542000004150829380,4891,0,643
SJO202406041542000004150829381,4921,0,738
SJO202406041542000004150829382,2706,0,517
SJO202406041542000004150829383,6083,0,892
SJO202406041542000004150829384,7237,0,22
SJO202406041542000004150829385,7418,0,106
SJO202406041542000004150829386,243,0,958
SJO202406041542000004150829387,4220,0,984
SJO202406041542000004150829388,7787,0,352
SJO202406041542000004150829389,4504,0,52
SJO202406041542000004150829390,9440,0,416
SJO202406041542000004150829391,9047,0,617
SJO202406041542000004150829392,7208,0,329
SJO202406041542000004150829393,4533,0,771
SJO202406041542000004150829394,3337,0,33
SJO202406041542000004150829395,1473,0,338
SJO202406041542000004150829396,139,0,508
SJO202406041542000004150829397,6434,0,485
SJO202406041542000004150829398,1814,0,557
SJO202406041542000004150829399,9127,0,984
SJO202406041542000004150829400,6275,0,813
SJO202406041542000004150829401,3258,0,986
SJO202406041542000004150829402,9267,0,774
SJO202406041542000004150829403,2330,0,816
SJO202406041542000004150829404,5432,0,490
SJO202406041542000004150829405,7733,0,777
SJO202406041542000004150829406,5960,0,421
SJO202406041542000004150829407,8729,0,623
SJO202406041542000004150829408,2501,0,854
SJO202406041542000004150829409,5582,0,589
SJO202406041542000004150829410,487,0,553
SJO202406041542000004150829411,7420,0,980
SJO202406041542000004150829412,8839,0,880
SJO202406041542000004150829413,1426,0,416
SJO202406041542000004150829414,7522,0,16
SJO202406041542000004150829415,1682,0,432
SJO202406041542000004150829416,5123,0,826
SJO202406041542000004150829417,8121,0,660
SJO202406041542000004150829418,487,0,965
SJO202406041542000004150829419,4208,0,851
SJO202406041542000004150829420,7118,0,529
SJO202406041542000004150829421,9019,0,947
SJO202406041542000004150829422,5777,0,458
SJO202406041542000004150829423,7026,0,471
SJO202406041542000004150829424,1028,0,467
SJO202406041542000004150829425,9625,0,630
SJO202406041542000004150829426,4270,0,730
SJO202406041542000004150829427,4637,0,852
SJO202406041542000004150829428,2606,0,880
SJO202406041542000004150829429,2205,0,256
SJO202406041542000004150829430,9046,0,874
SJO202406041542000004150829431,4393,0,214
SJO202406041542000004150829432,4798,0,19
SJO202406041542000004150829433,3190,0,375
SJO202406041542000004150829434,4933,0,961
SJO202406041542000004150829435,6095,0,650
SJO202406041542000004150829436,9448,0,995
SJO202406041542000004150829437,5317,0,504
SJO202406041542000004150829438,5344,0,459
SJO202406041542000004150829439,8462,0,471
SJO202406041542000004150829440,4610,0,437
SJO202406041542000004150829441,1135,0,316
SJO202406041542000004150829442,8107,0,286
SJO202406041542000004150829443,1574,0,52
SJO202406041542000004150829444,6232,0,59
SJO202406041542000004150829445,1079,0,917
SJO202406041542000004150829446,5652,0,366
SJO202406041542000004150829447,3217,0,130
SJO202406041542000004150829448,62,0,162
SJO202406041542000004150829449,3105,0,538
SJO202406041542000004150829450,7749,0,57
SJO202406041542000004150829451,5872,0,984
SJO202406041542000004150829452,69,0,397
SJO202406041542000004150829453,7043,0,584
SJO202406041542000004150829454,9021,0,205
SJO202406041542000004150829455,4109,0,615
SJO202406041542000004150829456,8859,0,791
SJO202406041542000004150829457,2243,0,950
SJO202406041542000004150829458,9614,0,608
SJO202406041542000004150829459,7336,0,648
SJO202406041542000004150829460,7053,0,512
SJO202406041542000004150829461,9153,0,798
SJO202406041542000004150829462,5138,0,610
SJO202406041542000004150829463,9601,0,94
SJO202406041542000004150829464,8730,0,863
SJO202406041542000004150829465,5972,0,204
SJO202406041542000004150829466,2017,0,748
SJO202406041542000004150829467,247,0,226
SJO202406041542000004150829468,3109,0,293
SJO202406041542000004150829469,1593,0,411
SJO202406041542000004150829470,3315,0,666
SJO202406041542000004150829471,9493,0,38
SJO202406041542000004150829472,5485,0,981
SJO202406041542000004150829473,2348,0,940
SJO202406041542000004150829474,6003,0,859
SJO202406041542000004150829475,9682,0,233
SJO202406041542000004150829476,8375,0,99
SJO202406041542000004150829477,753,0,835
SJO202406041542000004150829478,9874,0,482
SJO202406041542000004150829479,2923,0,150
SJO202406041542000004150829480,6549,0,620
SJO202406041542000004150829481,2993,0,938
SJO202406041542000004150829482,2953,0,562
SJO202406041542000004150829483,5905,0,840
SJO202406041542000004150829484,8928,0,424
SJO202406041542000004150829485,4417,0,90
SJO202406041542000004150829486,4042,0,113
SJO202406041542000004150829487,1955,0,823
SJO202406041542000004150829488,3471,0,33
SJO202406041542000004150829489,9501,0,309
SJO202406041542000004150829490,9213,0,300
SJO202406041542000004150829491,9203,0,771
SJO202406041542000004150829492,8015,0,692
SJO202406041542000004150829493,735,0,177
SJO202406041542000004150829494,5968,0,575
SJO202406041542000004150829495,3250,0,823
SJO202406041542000004150829496,2013,0,125
SJO202406041542000004150829497,1680,0,573
SJO202406041542000004150829498,8102,0,273
SJO202406041542000004150829499,3566,0,797
SJO202406041542000004150829500,9432,0,492
SJO202406041542000004150829501,2456,0,354
SJO202406041542000004150829502,665,0,556
SJO202406041542000004150829503,7051,0,92
SJO202406041542000004150829504,8134,0,969
SJO202406041542000004150829505,3639,0,772
SJO202406041542000004150829506,8393,0,454
SJO202406041542000004150829507,166,0,967
SJO202406041542000004150829508,9144,0,900
SJO202406041542000004150829509,4267,0,187
SJO202406041542000004150829510,2623,0,655
SJO202406041542000004150829511,1101,0,349
SJO202406041542000004150829512,3944,0,591
SJO202406041542000004150829513,3296,0,62
SJO202406041542000004150829514,6557,0,208
SJO202406041542000004150829515,8425,0,982
SJO202406041542000004150829516,2172,0,867
SJO202406041542000004150829517,1357,0,791
SJO202406041542000004150829518,3789,0,512
SJO202406041542000004150829519,3449,0,940
SJO202406041542000004150829520,2691,0,111
SJO202406041542000004150829521,8235,0,700
SJO202406041542000004150829522,418,0,334
SJO202406041542000004150829523,7990,0,819
SJO202406041542000004150829524,4757,0,824
SJO202406041542000004150829525,704,0,133
SJO202406041542000004150829526,3751,0,446
SJO202406041542000004150829527,1256,0,665
SJO202406041542000004150829528,2105,0,152
SJO202406041542000004150829529,9877,0,671
SJO202406041542000004150829530,6580,0,846
SJO202406041542000004150829531,3792,0,155
SJO202406041542000004150829532,1600,0,51
SJO202406041542000004150829533,4898,0,376
SJO202406041542000004150829534,574,0,443
SJO202406041542000004150829535,5378,0,476
SJO202406041542000004150829536,6158,0,628
SJO202406041542000004150829537,6237,0,236
SJO202406041542000004150829538,1013,0,504
SJO202406041542000004150829539,5626,0,903
SJO202406041542000004150829540,5641,0,657
SJO202406041542000004150829541,9298,0,318
SJO202406041542000004150829542,4253,0,756
SJO202406041542000004150829543,5582,0,340
SJO202406041542000004150829544,4293,0,835
SJO202406041542000004150829545,8229,0,482
SJO202406041542000004150829546,9605,0,932
SJO202406041542000004150829547,474,0,312
SJO202406041542000004150829548,9468,0,980
SJO202406041542000004150829549,1087,0,381
SJO202406041542000004150829550,4329,0,856
SJO202406041542000004150829551,7069,0,29
SJO202406041542000004150829552,3056,0,903
SJO202406041542000004150829553,3656,0,123
SJO202406041542000004150829554,9997,0,539
SJO202406041542000004150829555,4269,0,155
SJO202406041542000004150829556,7953,0,181
SJO202406041542000004150829557,3911,0,22
SJO202406041542000004150829558,3309,0,410
SJO202406041542000004150829559,6689,0,322
SJO202406041542000004150829560,79,0,511
SJO202406041542000004150829561,7173,0,873
SJO202406041542000004150829562,977,0,793
SJO202406041542000004150829563,7439,0,824
SJO202406041542000004150829564,874,0,628
SJO202406041542000004150829565,6612,0,996
SJO202406041542000004150829566,6236,0,174
SJO202406041542000004150829567,7072,0,396
SJO202406041542000004150829568,3194,0,128
SJO202406041542000004150829569,4204,0,404
SJO202406041542000004150829570,8981,0,695
